USE `bd_productos_sanetta`;

-- Insertar datos en tabla de ingredientes
INSERT INTO `tbl_ingredientes` (`id_ingrediente`, `nombre`) VALUES
(1, 'Agua del grifo'),
(2, 'Leche de soja'),
(3, 'Gelcremfred'),
(4, 'Cobertura negra 70%'),
(5, 'Sal'),
(6, 'Aceite girasol'),
(7, 'Cremoso de Chocolate'),
(8, 'Cobertura negra 55%'),
(9, 'Azúcar blanco'),
(10, 'Glucosa'),
(11, 'Cacao en polvo'),
(12, 'Pectina NH'),
(13, 'Baño de chocolate'),
(14, 'Harina de trigo floja'),
(15, 'Levadura química'),
(16, 'Proteina patata'),
(17, 'Azúcar moreno'),
(18, 'Nata'),
(19, 'Queso tofutti'),
(20, 'Disco 24 cm'),
(21, 'Caja 26 cm'),
(22, 'Margarina'),
(23, 'Coco rallado'),
(24, 'Remolacha cocida'),
(25, 'Glass'),
(26, 'Anacardos crudos'),
(27, 'Aceite de coco'),
(28, 'Colorante rojo en polvo'),
(29, 'Levadura fresca'),
(30, 'Harina media fuerza'),
(31, 'Canela molida'),
(32, 'Gotas chocolate'),
(33, 'Avellanas'),
(34, 'Banana'),
(35, 'Mix sin gluten'),
(36, 'Panela'),
(37, 'Nueces'),
(38, 'Manzana'),
(39, 'Cebolla morada'),
(40, 'Zumo limón'),
(41, 'Pasas'),
(42, 'Maizena'),
(43, 'Almidón tapioca'),
(44, 'Trigo sarraceno ECO'),
(45, 'Fécula patata'),
(46, 'Harina de arroz'),
(47, 'Corteza limón troceada'),
(48, 'Corteza naranja troceada'),
(49, 'Gelcremcalent'),
(50, 'Leche coco en polvo'),
(51, 'Pasta almendra cruda'),
(52, 'Puré pasión'),
(53, 'Inulina'),
(54, 'Vainilla pasta'),
(55, 'Lecitina de soja'),
(56, 'Vegan mousse'),
(57, 'Naturemul'),
(58, 'Agar-agar'),
(59, 'Pure frutos rojos'),
(60, 'Frambuesa congelada'),
(61, 'Xantana'),
(62, 'Vinagre de manzana'),
(63, 'Harina de almendra'),
(64, 'Bicarbonato'),
(65, 'Manteca de cacao'),
(66, 'Amaretto'),
(67, 'Frutos rojos congelados'),
(68, 'Jengibre en polvo'),
(69, 'Nuez moscada en grano'),
(70, 'Puré frambuesa'),
(71, 'Colorante rojo en pasta'),
(72, 'Copos de avena sin gluten'),
(73, 'Almendra en bastoncitos'),
(74, 'Sojawhip'),
(75, 'Yogur soja'),
(76, 'Pistacho pelado'),
(77, 'Queso mozarella rallada'),
(78, 'Pimienta negra'),
(79, 'Orégano seco'),
(80, 'Pimentón picante'),
(81, 'Pimentón dulce'),
(82, 'Ajo en polvo'),
(83, 'Cúrcuma en polvo'),
(84, 'Cajita individual roll'),
(85, 'Nutela'),
(86, 'Leche coco en la lata'),
(87, 'Dulce de leche'),
(88, 'Crema de limón'),
(89, 'Merengue italiano'),
(90, 'Bizcocho cacao grande (p)'),
(91, 'Caja 23 cm'),
(92, 'Disco 21 cm'),
(93, 'Roll canela (p)'),
(94, 'Discos 30 cm'),
(95, 'Caja 32 cm'),
(96, 'Bizcocho tiramisu'),
(97, 'Salsa f.r. tiramisu'),
(98, 'Spray terciopelo rojo'),
(99, 'Crema tiramisu'),
(100, 'Cartoncito 8 cm'),
(101, 'Café expreso'),
(102, 'Café tiramisú'),
(103, 'Zanahoria'),
(104, 'Bizcocho carrot grande (p)'),
(105, 'Bizcocho cacao grande sg (p)'),
(106, 'Bizcocho carrot grande sg (p)'),
(107, 'Mermelada frambuesa'),
(108, 'Bizcocho pink velvet grande'),
(109, 'Bizcocho pink velvet grande sg'),
(110, 'Cookies doble chocolate'),
(111, 'Pasta brisa sin azúcar'),
(112, 'Almidón patata'),
(113, 'Dátiles pasta'),
(114, 'Crumble'),
(115, 'Glass antihumedad'),
(116, 'Pasta sable de almendra'),
(117, 'Soplete'),
(118, 'Chocolate blanco casero'),
(119, 'Praline avellana'),
(120, 'Plancha cacao sg'),
(121, 'Mousse chocolate 70%'),
(122, 'Mermelada frutos rojos'),
(123, 'Frutos rojos frescos'),
(124, 'Gel frío'),
(125, 'Manzana roll'),
(126, 'Carton base 20cm'),
(127, 'Carton base 22 cm'),
(128, 'Vasito compostable'),
(129, 'Ganache macaron choco sg (p)'),
(130, 'Base macaron sg (p)'),
(131, 'Flor de sal'),
(132, 'Harina trigo integral'),
(133, 'Aceite de oliva'),
(134, 'Masa quiche'),
(135, 'Levadura nutricional'),
(136, 'Cebolla blanca'),
(137, 'Papelinas nº8'),
(138, 'Tomate frito'),
(139, 'Aceituna negra'),
(140, 'Cajas catering marron'),
(141, 'Cajas catering blanca'),
(142, 'Papel de horno'),
(143, 'Tomate seco'),
(144, 'Pimiento rojo'),
(145, 'Pimiento verde'),
(146, 'Caja plumcake'),
(147, 'Base rectangular'),
(148, 'Cebolla caramelizada'),
(149, 'Griottines'),
(150, 'Comino en polvo'),
(151, 'Sobrasada'),
(152, 'Ralladura limón'),
(153, 'Crema de almendras'),
(154, 'Nueces pecanas'),
(155, 'Bizcocho german cake (p)'),
(156, 'Crema german cake (p)'),
(157, 'Caja alta de 15 cm alto grande'),
(158, 'Bizcocho almendra sin gluten (p)'),
(159, 'Margarina casera'),
(160, 'Sirope de Agave'),
(161, 'Goma garrofín'),
(162, 'Ganache opera'),
(163, 'Glaseado opera'),
(164, 'Crema cafe opera'),
(165, 'Polvo dorado'),
(166, 'Cebolla cortada congelada'),
(167, 'Cacahuetes'),
(168, 'Calabaza'),
(169, 'Mermelada calabaza'),
(170, 'Brisa de cacao'),
(171, 'Anis del mono'),
(172, 'Pistachos'),
(173, 'Pasta pura pistacho'),
(174, 'Mazapan'),
(175, 'Pipas calabaza'),
(176, 'Eko'),
(177, 'Piñon castellano'),
(178, 'Colorante negro'),
(179, 'Garrapiñadas de calabaza'),
(180, 'Ganache pistacho'),
(181, 'Praline avellana bon llevat'),
(182, 'Harina de trigo fuerza'),
(183, 'Harina de garbanzo'),
(184, 'Cabello de angel'),
(185, 'Café Soluble Classic'),
(186, 'Chocolate blanco'),
(187, 'Naranja fresca'),
(188, 'Baño almendra tronco vainilla'),
(189, 'Crumble almendra'),
(190, 'Bizcocho naranja sin gluten'),
(191, 'Confitura maracuya'),
(192, 'Mousse vainilla'),
(193, 'Frambuesa fresca'),
(194, 'Agua de azahar'),
(195, 'Roscones reyes'),
(196, 'Cajas roscon 26x26'),
(197, 'Cajas troncos'),
(198, 'Habas reyes'),
(199, 'Rey porcelana'),
(200, 'Corona reyes prince'),
(201, 'Crema pastelera'),
(202, 'Albahaca fresca'),
(203, 'Cebolla blanca grande'),
(204, 'Arandanos congelados'),
(205, 'Eritritol'),
(206, 'Sésamo tostado'),
(207, 'Anis en grano'),
(208, 'Cajitas san valentin'),
(209, 'Pipas girasol'),
(210, 'Piña fresca'),
(211, 'Menta fresca'),
(212, 'Maracuyá fresco'),
(213, 'Mermelada maracuyá'),
(214, 'Mango fresco'),
(215, 'Capsulas metal trufa'),
(216, 'Brownie (p)'),
(217, 'Masa quiche'),
(218, 'Champiñones'),
(219, 'Calabacin'),
(220, 'Espinacas'),
(221, 'Puerro'),
(222, 'Mousse genércia'),
(223, 'Bizcocho calabacin grande sin gluten'),
(224, 'Peras'),
(225, 'Romero'),
(226, 'Physalis'),
(227, 'Cookies doble chocolate sin gluten'),
(228, 'Cebollino'),
(229, 'Patata'),
(230, 'Pmiento rojo'),
(231, 'Berenjena'),
(232, 'Alcaparras'),
(233, 'Soja texturizada'),
(234, 'Vino blanco'),
(235, 'Chorizo heura'),
(236, 'Farça chorizo, patata y queso'),
(237, 'Farça verduritas con soja text.'),
(238, 'Farça champiñon'),
(239, 'Pollo heura'),
(240, 'Salsa pesto');

-- Insertar datos en tabla de tamaños
INSERT INTO `tbl_tamanos` (`id_tamano`, `tamano`) VALUES
(1, 'Individual'),
(2, 'Mediana'),
(3, 'Grande'),
(4, 'Super Grande');

-- Insertar datos en tabla de alérgenos
INSERT INTO `tbl_alergenos` (`id_alergeno`, `nombre_alergeno`) VALUES
(1, 'Cacahuetes'),
(2, 'Frutos de cascara'),
(3, 'Soja'),
(4, 'Granos de sesamo'),
(5, 'Dioxido de azufre y sulfitos'),
(6, 'Gluten');

-- Insertar datos en tabla de categorías
INSERT INTO `tbl_categorias` (`id_categoria`, `nombre_categoria`) VALUES
(1, 'Sin Gluten'),
(2, 'Salados'),
(3, 'Bolleria'),
(4, 'Rolls'),
(5, 'Pasteleria');

INSERT INTO tbl_productos (codigo_producto, nombre_producto, unidades, id_tamano)
VALUES 
('BBr-01', 'Pastelito Brownie', 15, 1),
('BBr-02', 'Pastelito Brownie Cremoso', 15, 1),
('BBr-03', 'Caja Mini Brownie (35 und.)', 35, 1),
('BCo-01', 'Cookie Avellana y Naranja', 15, 1),
('BCo-02', 'Cookie Chocolate Blanco y Cacahuetes', 15, 1),
('BCo-03', 'Cookie Chocolate y Nueces', 15, 1),
('BCo-04', 'Cookie Doble Chocolate', 15, 1),
('BCo-05', 'Cookie Pistacho y Frambuesa', 15, 1),
('BCo-06', 'Cookie Romero, Tomillo y Limón', 15, 1),
('BCu-01', 'Cup Cakes', 24, 1),
('BEn-01', 'Ensaimada Cabello de Angel', 1, 1),
('BEn-02', 'Ensaimada Normal', 1, 1),
('BEn-03', 'Ensaimada Nutella', 1, 1),
('BEn-04', 'Ensaimada Rellena con Nata', 1, 1),
('BEn-05', 'Ensaimada Rellena Dulce de Leche', 1, 1),
('BEn-06', 'Ensaimada Sobrasada', 1, 1),
('BMc-01', 'Macarrons', 1, 1),
('BMc-02', 'Macarrons Avellana', 5, 1),
('BMc-03', 'Macarrons Cassís Y Chocolate', 5, 1),
('BMc-04', 'Macarrons Chocolate', 5, 1),
('BMc-05', 'Macarrons Crema de Limón', 5, 1),
('BMc-06', 'Macarrons Frambuesa', 5, 1),
('BMg-01', 'Magdalenas Francesas con Chocolate Blanco', 44, 1),
('BMg-02', 'Magdalenas Arándanos', 13, 1),
('BMg-03', 'Magdalenas Doble Choco', 13, 1),
('BMg-04', 'Magdalenas Francesas con Nueces', 44, 1),
('BMg-05', 'Magdalenas Vainilla / Vainilla Chocolate', 44, 1),
('Pmo-01', 'Pastelito Vainilla', 15, 1),
('Pmo-02', 'Pastelito Mousse Choco y Frambuesa', 15, 1),
('BPn-01', 'Panellets Piñones', 6, 1),
('BPn-02', 'Panellets Piñones', 15, 1),
('BPn-03', 'Panellets Variados', 15, 1),
('BPn-04', 'Panellets Variados', 25, 1),
('BPt-01', 'Pastas De Te Variadas C/A /0.5Kg', 1, 1),
('BPt-02', 'Pastas De Te Variadas C/A /1kg', 1, 1),
('BPt-03', 'Pastas De Te Variadas S/A /0.5Kg', 1, 1),
('BPt-04', 'Pastas De Te Variadas S/A /1Kg', 1, 1),
('BRl-01', 'Roll Canella', 15, 1),
('BRl-02', 'Roll Cebolla Queso', 15, 1),
('BRl-03', 'Roll de Cebolla Caramelizada', 15, 1),
('BRl-04', 'Roll de Crema Pastelera', 15, 1),
('BRl-05', 'Roll de Escallivada', 15, 1),
('BRl-06', 'Roll de Espinaca a la Catalana', 15, 1),
('BRl-07', 'Roll de Sobrasada', 15, 1),
('BRl-08', 'Roll Dulce de Leche', 15, 1),
('BRl-09', 'Roll Limón Merengue', 15, 1),
('BRl-10', 'Roll Manzana Caramelizada', 15, 1),
('BRl-11', 'Roll Nutella Casera', 15, 1),
('BRl-12', 'Roll Sobrasada Casera', 15, 1),
('BRs-01', 'Rosquillas C/A', 24, 1),
('BRs-02', 'Rosquillas S/A', 24, 1),
('Bta-01', 'Apple Crumble', 15, 1),
('BTa-02', 'Pink Velvet', 1, 4),
('BTa-03', 'Pink Velvet', 5, 1),
('BTa-04', 'Pink Velvet', 1, 2),
('BTr-01', 'Trufas Lima / Limón', 8, 1),
('BTr-02', 'Trufas Naranja', 8, 1),
('BVa-01', 'Vasito Apple', 20, 1),
('BVa-02', 'Vasito Limón', 20, 1),
('BVa-03', 'Vasito Tiramisú', 20, 1),
('NNa-01', 'Pastelito Crudivegano Cacao y Avellana S/A', 15, 1),
('NNa-02', 'Pastelito Crudivegano Cacao y Avellana Agave', 15, 1),
('PCh-01', 'Cheesecake Chocolate, nueces y cookies', 1, 4),
('PCh-02', 'Cheesecake Chocolate, nueces y cookies', 1, 2),
('PCh-04', 'Cheesecake Coco y Piña', 1, 4),
('PCh-05', 'Cheesecake Coco y Piña', 1, 2),
('PCh-07', 'Cheesecake Dulce de Leche y Canela', 1, 4),
('PCh-08', 'Cheesecake Dulce de Leche y Canela', 1, 2),
('PCh-10', 'Cheesecake Frutos Rojos', 1, 4),
('PCh-11', 'Cheesecake Frutos Rojos', 15, 1),
('PCh-12', 'Cheesecake Frutos Rojos', 1, 2),
('PCh-14', 'Cheesecake Limón y Merengue', 15, 1),
('PCh-15', 'Cheesecake Ind. Maracuyá', 15, 1),
('PCh-16', 'Cheesecake Ind. Nueces', 15, 1),
('PCh-17', 'Cheesecake Limón y Merengue', 1, 4),
('PCh-18', 'Cheesecake Limón y Merengue', 1, 2),
('PCh-20', 'Cheesecake Mango y Franbuesa', 1, 4),
('PCh-21', 'Cheesecake Mango y Franbuesa', 1, 2),
('PCh-23', 'Cheesecake Maracuyá y Naranja', 1, 4),
('PCh-24', 'Cheesecake Maracuyá y Naranja', 1, 2),
('PNa-01', 'Raw de Romero, Limón y Coco', 15, 1),
('PNa-02', 'Raw de Frambuesa', 15, 1),
('PNa-03', 'Raw de Mango y Maracuya', 15, 1),
('PTa-01', 'Tarta Bourdaloue', 5, 4),
('PTa-02', 'Tarta Bourdaloue', 5, 3),
('PTa-03', 'Tarta de Calabacín', 1, 4),
('PTa-04', 'Tarta de Manzana', 1, 4),
('PTa-05', 'Tarta de Manzana', 1, 2),
('PTa-06', 'Tarta Limón y Merengue', 1, 2),
('PTa-07', 'Tarta Limón y Merengue', 1, 4),
('PTa-09', 'Tarta Sacher Frambuesa', 1, 2),
('PTa-10', 'Tarta Sacher Frambuesa', 1, 4),
('PTa-12', 'Tarta Sacher Maracuyá', 1, 2),
('PTa-13', 'Tarta Sacher Maracuyá', 1, 4),
('PTa-15', 'Tartaleta de Limón', 15, 1),
('PTa-16', 'Tiramisú Frutos Rojos', 20, 1),
('PTa-17', 'Tarta Banana Bread (8 Pax)', 1, 2),
('PTa-18', 'Tarta Carrot Cake', 1, 4),
('PTa-19', 'Tarta Carrot Cake', 15, 1),
('PTa-20', 'Tarta Carrot Cake', 1, 2),
('PTa-22', 'Chocolate Bomb', 1, 4),
('PTa-23', 'Chocolate Bomb', 1, 2),
('PTa-25', 'Tarta German Cake', 1, 4),
('PTa-27', 'Tarta Selva Negra', 1, 2),
('PTa-28', 'Tarta Selva Negra', 1, 4),
('PTa-29', 'Tarta Plum Cake Choco (8 Pax)', 1, 2),
('PTa-30', 'Tarta Plum Cake Choco y Naranja (8 Pax)', 1, 2),
('PTa-31', 'Tarta Plum Cake Limón (8 Pax)', 1, 2),
('PTa-32', 'Caja Mini Carrot Cake (35 und.)', 1, 3),
('PTa-33', 'Tarta Plum Cake Limón y Merengue (8 Pax)', 1, 2),
('SPz-01', 'Pizza Margarita con tomate, Orégano y Mozzarella Vegana', 1, 4),
('SPz-02', 'Pizza Margarita con tomate, Orégano y Mozzarella Vegana', 1, 2),
('SQu-01', 'Mini Quiche Calabacín', 15, 1),
('SQu-02', 'Mini Quiche Cebolla Caramelizada', 15, 1),
('SQu-03', 'Mini Quiche Champiñones', 15, 1),
('SQu-04', 'Mini Quiche Espinaca', 15, 1),
('SQu-05', 'Mini Quiche Puerro', 15, 1),
('SQu-06', 'Quiche Calabacín (6 Pax)', 1, 2),
('SQu-07', 'Quiche Cebolla Caramelizada (6 Pax)', 1, 2),
('SQu-08', 'Quiche Champiñones (6 Pax)', 1, 2),
('SQu-09', 'Quiche Espinaca (6 Pax)', 1, 2),
('SQu-10', 'Quiche Puerro (6 Pax)', 1, 2),
('SQu-11', 'Coca de Verduras', 1, 4),
('SQu-12', 'Coca de Verduras', 1, 2),
('Pmo-03', 'Delicioso de Calabaza', 15, 1),
('Pna-04', 'Raw de Mfrutos Rojos', 15, 1);

-- Inserciones en tbl_producto_alergeno

-- BBr-01
INSERT INTO tbl_producto_alergeno (id_producto, id_alergeno) VALUES 
((SELECT id_producto FROM tbl_productos WHERE codigo_producto = 'BBr-01'), 3), -- Soja
((SELECT id_producto FROM tbl_productos WHERE codigo_producto = 'BBr-01'), 5); -- Dioxido de azufre y sulfitos

-- BBr-02
INSERT INTO tbl_producto_alergeno (id_producto, id_alergeno) VALUES 
((SELECT id_producto FROM tbl_productos WHERE codigo_producto = 'BBr-02'), 3), -- Soja
((SELECT id_producto FROM tbl_productos WHERE codigo_producto = 'BBr-02'), 5); -- Dioxido de azufre y sulfitos

-- BBr-03
INSERT INTO tbl_producto_alergeno (id_producto, id_alergeno) VALUES 
((SELECT id_producto FROM tbl_productos WHERE codigo_producto = 'BBr-03'), 3), -- Soja
((SELECT id_producto FROM tbl_productos WHERE codigo_producto = 'BBr-03'), 5); -- Dioxido de azufre y sulfitos

-- BCo-01
INSERT INTO tbl_producto_alergeno (id_producto, id_alergeno) VALUES 
((SELECT id_producto FROM tbl_productos WHERE codigo_producto = 'BCo-01'), 2); -- Granos de sesamo

-- BCo-02
INSERT INTO tbl_producto_alergeno (id_producto, id_alergeno) VALUES 
((SELECT id_producto FROM tbl_productos WHERE codigo_producto = 'BCo-02'), 2), -- Granos de sesamo
((SELECT id_producto FROM tbl_productos WHERE codigo_producto = 'BCo-02'), 5); -- Dioxido de azufre y sulfitos

-- BCo-03
INSERT INTO tbl_producto_alergeno (id_producto, id_alergeno) VALUES 
((SELECT id_producto FROM tbl_productos WHERE codigo_producto = 'BCo-03'), 2); -- Granos de sesamo

-- BCo-05
INSERT INTO tbl_producto_alergeno (id_producto, id_alergeno) VALUES 
((SELECT id_producto FROM tbl_productos WHERE codigo_producto = 'BCo-05'), 2); -- Granos de sesamo

-- BCu-01
INSERT INTO tbl_producto_alergeno (id_producto, id_alergeno) VALUES 
((SELECT id_producto FROM tbl_productos WHERE codigo_producto = 'BCu-01'), 1), -- Cacahuetes
((SELECT id_producto FROM tbl_productos WHERE codigo_producto = 'BCu-01'), 3); -- Soja

-- BEn-01
INSERT INTO tbl_producto_alergeno (id_producto, id_alergeno) VALUES 
((SELECT id_producto FROM tbl_productos WHERE codigo_producto = 'BEn-01'), 2); -- Granos de sesamo

-- BEn-02
INSERT INTO tbl_producto_alergeno (id_producto, id_alergeno) VALUES 
((SELECT id_producto FROM tbl_productos WHERE codigo_producto = 'BEn-02'), 2); -- Granos de sesamo

-- BEn-03
INSERT INTO tbl_producto_alergeno (id_producto, id_alergeno) VALUES 
((SELECT id_producto FROM tbl_productos WHERE codigo_producto = 'BEn-03'), 2), -- Granos de sesamo
((SELECT id_producto FROM tbl_productos WHERE codigo_producto = 'BEn-03'), 3); -- Soja

-- BEn-05
INSERT INTO tbl_producto_alergeno (id_producto, id_alergeno) VALUES 
((SELECT id_producto FROM tbl_productos WHERE codigo_producto = 'BEn-05'), 2); -- Granos de sesamo

-- BEn-06
INSERT INTO tbl_producto_alergeno (id_producto, id_alergeno) VALUES 
((SELECT id_producto FROM tbl_productos WHERE codigo_producto = 'BEn-06'), 2), -- Granos de sesamo
((SELECT id_producto FROM tbl_productos WHERE codigo_producto = 'BEn-06'), 3); -- Soja

-- BMc-01
INSERT INTO tbl_producto_alergeno (id_producto, id_alergeno) VALUES 
((SELECT id_producto FROM tbl_productos WHERE codigo_producto = 'BMc-01'), 1); -- Cacahuetes

-- BMc-02
INSERT INTO tbl_producto_alergeno (id_producto, id_alergeno) VALUES 
((SELECT id_producto FROM tbl_productos WHERE codigo_producto = 'BMc-02'), 1), -- Cacahuetes
((SELECT id_producto FROM tbl_productos WHERE codigo_producto = 'BMc-02'), 2), -- Granos de sesamo
((SELECT id_producto FROM tbl_productos WHERE codigo_producto = 'BMc-02'), 3); -- Soja

-- BMc-03
INSERT INTO tbl_producto_alergeno (id_producto, id_alergeno) VALUES 
((SELECT id_producto FROM tbl_productos WHERE codigo_producto = 'BMc-03'), 1), -- Cacahuetes
((SELECT id_producto FROM tbl_productos WHERE codigo_producto = 'BMc-03'), 5); -- Dioxido de azufre y sulfitos

-- BMc-04
INSERT INTO tbl_producto_alergeno (id_producto, id_alergeno) VALUES 
((SELECT id_producto FROM tbl_productos WHERE codigo_producto = 'BMc-04'), 1); -- Cacahuetes

-- BMc-05
INSERT INTO tbl_producto_alergeno (id_producto, id_alergeno) VALUES 
((SELECT id_producto FROM tbl_productos WHERE codigo_producto = 'BMc-05'), 1); -- Cacahuetes

-- BMc-06
INSERT INTO tbl_producto_alergeno (id_producto, id_alergeno) VALUES 
((SELECT id_producto FROM tbl_productos WHERE codigo_producto = 'BMc-06'), 1); -- Cacahuetes

-- BMg-01
INSERT INTO tbl_producto_alergeno (id_producto, id_alergeno) VALUES 
((SELECT id_producto FROM tbl_productos WHERE codigo_producto = 'BMg-01'), 2), -- Granos de sesamo
((SELECT id_producto FROM tbl_productos WHERE codigo_producto = 'BMg-01'), 3), -- Soja
((SELECT id_producto FROM tbl_productos WHERE codigo_producto = 'BMg-01'), 5); -- Dioxido de azufre y sulfitos

-- BMg-02
INSERT INTO tbl_producto_alergeno (id_producto, id_alergeno) VALUES 
((SELECT id_producto FROM tbl_productos WHERE codigo_producto = 'BMg-02'), 2); -- Granos de sesamo

-- BMg-04
INSERT INTO tbl_producto_alergeno (id_producto, id_alergeno) VALUES 
((SELECT id_producto FROM tbl_productos WHERE codigo_producto = 'BMg-04'), 2), -- Granos de sesamo
((SELECT id_producto FROM tbl_productos WHERE codigo_producto = 'BMg-04'), 5); -- Dioxido de azufre y sulfitos

-- BMg-05
INSERT INTO tbl_producto_alergeno (id_producto, id_alergeno) VALUES 
((SELECT id_producto FROM tbl_productos WHERE codigo_producto = 'BMg-05'), 2); -- Granos de sesamo

-- Pmo-01
INSERT INTO tbl_producto_alergeno (id_producto, id_alergeno) VALUES 
((SELECT id_producto FROM tbl_productos WHERE codigo_producto = 'Pmo-01'), 4); -- Granos de sésamo

-- Pmo-02
INSERT INTO tbl_producto_alergeno (id_producto, id_alergeno) VALUES 
((SELECT id_producto FROM tbl_productos WHERE codigo_producto = 'Pmo-02'), 5); -- Dioxido de azufre y sulfitos

-- BTr-01
-- No tiene alérgenos

-- BTr-02
-- No tiene alérgenos

-- BVa-01
INSERT INTO tbl_producto_alergeno (id_producto, id_alergeno) VALUES 
((SELECT id_producto FROM tbl_productos WHERE codigo_producto = 'BVa-01'), 5); -- Dioxido de azufre y sulfitos

-- BVa-03
INSERT INTO tbl_producto_alergeno (id_producto, id_alergeno) VALUES 
((SELECT id_producto FROM tbl_productos WHERE codigo_producto = 'BVa-03'), 5); -- Dioxido de azufre y sulfitos

-- NNa-01
INSERT INTO tbl_producto_alergeno (id_producto, id_alergeno) VALUES 
((SELECT id_producto FROM tbl_productos WHERE codigo_producto = 'NNa-01'), 2); -- Granos de sesamo

-- NNa-02
INSERT INTO tbl_producto_alergeno (id_producto, id_alergeno) VALUES 
((SELECT id_producto FROM tbl_productos WHERE codigo_producto = 'NNa-02'), 2); -- Granos de sesamo

-- PCh-01
INSERT INTO tbl_producto_alergeno (id_producto, id_alergeno) VALUES 
((SELECT id_producto FROM tbl_productos WHERE codigo_producto = 'PCh-01'), 5); -- Dioxido de azufre y sulfitos

-- PCh-02
INSERT INTO tbl_producto_alergeno (id_producto, id_alergeno) VALUES 
((SELECT id_producto FROM tbl_productos WHERE codigo_producto = 'PCh-02'), 5); -- Dioxido de azufre y sulfitos

-- PCh-04
INSERT INTO tbl_producto_alergeno (id_producto, id_alergeno) VALUES 
((SELECT id_producto FROM tbl_productos WHERE codigo_producto = 'PCh-04'), 5); -- Dioxido de azufre y sulfitos

-- PCh-05
INSERT INTO tbl_producto_alergeno (id_producto, id_alergeno) VALUES 
((SELECT id_producto FROM tbl_productos WHERE codigo_producto = 'PCh-05'), 5); -- Dioxido de azufre y sulfitos

-- PCh-07
INSERT INTO tbl_producto_alergeno (id_producto, id_alergeno) VALUES 
((SELECT id_producto FROM tbl_productos WHERE codigo_producto = 'PCh-07'), 5); -- Dioxido de azufre y sulfitos

-- PCh-08
INSERT INTO tbl_producto_alergeno (id_producto, id_alergeno) VALUES 
((SELECT id_producto FROM tbl_productos WHERE codigo_producto = 'PCh-08'), 5); -- Dioxido de azufre y sulfitos

-- PCh-10
INSERT INTO tbl_producto_alergeno (id_producto, id_alergeno) VALUES 
((SELECT id_producto FROM tbl_productos WHERE codigo_producto = 'PCh-10'), 5); -- Dioxido de azufre y sulfitos

-- PCh-11
INSERT INTO tbl_producto_alergeno (id_producto, id_alergeno) VALUES 
((SELECT id_producto FROM tbl_productos WHERE codigo_producto = 'PCh-11'), 5); -- Dioxido de azufre y sulfitos

-- PCh-12
INSERT INTO tbl_producto_alergeno (id_producto, id_alergeno) VALUES 
((SELECT id_producto FROM tbl_productos WHERE codigo_producto = 'PCh-12'), 5); -- Dioxido de azufre y sulfitos

-- PCh-14
INSERT INTO tbl_producto_alergeno (id_producto, id_alergeno) VALUES 
((SELECT id_producto FROM tbl_productos WHERE codigo_producto = 'PCh-14'), 5); -- Dioxido de azufre y sulfitos

-- PCh-15
INSERT INTO tbl_producto_alergeno (id_producto, id_alergeno) VALUES 
((SELECT id_producto FROM tbl_productos WHERE codigo_producto = 'PCh-15'), 5); -- Dioxido de azufre y sulfitos

-- PCh-16
INSERT INTO tbl_producto_alergeno (id_producto, id_alergeno) VALUES 
((SELECT id_producto FROM tbl_productos WHERE codigo_producto = 'PCh-16'), 5); -- Dioxido de azufre y sulfitos

-- PCh-17
INSERT INTO tbl_producto_alergeno (id_producto, id_alergeno) VALUES 
((SELECT id_producto FROM tbl_productos WHERE codigo_producto = 'PCh-17'), 5); -- Dioxido de azufre y sulfitos

-- PCh-18
INSERT INTO tbl_producto_alergeno (id_producto, id_alergeno) VALUES 
((SELECT id_producto FROM tbl_productos WHERE codigo_producto = 'PCh-18'), 5); -- Dioxido de azufre y sulfitos

-- PCh-20
INSERT INTO tbl_producto_alergeno (id_producto, id_alergeno) VALUES 
((SELECT id_producto FROM tbl_productos WHERE codigo_producto = 'PCh-20'), 5); -- Dioxido de azufre y sulfitos

-- PCh-21
INSERT INTO tbl_producto_alergeno (id_producto, id_alergeno) VALUES 
((SELECT id_producto FROM tbl_productos WHERE codigo_producto = 'PCh-21'), 5); -- Dioxido de azufre y sulfitos

-- PCh-23
INSERT INTO tbl_producto_alergeno (id_producto, id_alergeno) VALUES 
((SELECT id_producto FROM tbl_productos WHERE codigo_producto = 'PCh-23'), 5); -- Dioxido de azufre y sulfitos

-- PCh-24
INSERT INTO tbl_producto_alergeno (id_producto, id_alergeno) VALUES 
((SELECT id_producto FROM tbl_productos WHERE codigo_producto = 'PCh-24'), 5); -- Dioxido de azufre y sulfitos

-- PNa-02
INSERT INTO tbl_producto_alergeno (id_producto, id_alergeno) VALUES 
((SELECT id_producto FROM tbl_productos WHERE codigo_producto = 'PNa-02'), 2), -- Granos de sesamo
((SELECT id_producto FROM tbl_productos WHERE codigo_producto = 'PNa-02'), 3); -- Soja

-- PNa-03
INSERT INTO tbl_producto_alergeno (id_producto, id_alergeno) VALUES 
((SELECT id_producto FROM tbl_productos WHERE codigo_producto = 'PNa-03'), 3); -- Soja

-- PTa-02
INSERT INTO tbl_producto_alergeno (id_producto, id_alergeno) VALUES 
((SELECT id_producto FROM tbl_productos WHERE codigo_producto = 'PTa-02'), 3); -- Soja

-- PTa-03
-- No tiene alérgenos

-- PTa-04
-- No tiene alérgenos

-- PTa-05
-- No tiene alérgenos

-- PTa-06
INSERT INTO tbl_producto_alergeno (id_producto, id_alergeno) VALUES 
((SELECT id_producto FROM tbl_productos WHERE codigo_producto = 'PTa-06'), 5); -- Dioxido de azufre y sulfitos

-- PTa-07
INSERT INTO tbl_producto_alergeno (id_producto, id_alergeno) VALUES 
((SELECT id_producto FROM tbl_productos WHERE codigo_producto = 'PTa-07'), 5); -- Dioxido de azufre y sulfitos

-- PTa-09
INSERT INTO tbl_producto_alergeno (id_producto, id_alergeno) VALUES 
((SELECT id_producto FROM tbl_productos WHERE codigo_producto = 'PTa-09'), 2), -- Granos de sesamo
((SELECT id_producto FROM tbl_productos WHERE codigo_producto = 'PTa-09'), 3); -- Soja

-- PTa-10
INSERT INTO tbl_producto_alergeno (id_producto, id_alergeno) VALUES 
((SELECT id_producto FROM tbl_productos WHERE codigo_producto = 'PTa-10'), 2), -- Granos de sesamo
((SELECT id_producto FROM tbl_productos WHERE codigo_producto = 'PTa-10'), 3); -- Soja

-- PTa-12
INSERT INTO tbl_producto_alergeno (id_producto, id_alergeno) VALUES 
((SELECT id_producto FROM tbl_productos WHERE codigo_producto = 'PTa-12'), 2), -- Granos de sesamo
((SELECT id_producto FROM tbl_productos WHERE codigo_producto = 'PTa-12'), 3); -- Soja

-- PTa-13
INSERT INTO tbl_producto_alergeno (id_producto, id_alergeno) VALUES 
((SELECT id_producto FROM tbl_productos WHERE codigo_producto = 'PTa-13'), 2), -- Granos de sesamo
((SELECT id_producto FROM tbl_productos WHERE codigo_producto = 'PTa-13'), 3); -- Soja

-- PTa-15
INSERT INTO tbl_producto_alergeno (id_producto, id_alergeno) VALUES 
((SELECT id_producto FROM tbl_productos WHERE codigo_producto = 'PTa-15'), 5); -- Dioxido de azufre y sulfitos

-- PTa-16
INSERT INTO tbl_producto_alergeno (id_producto, id_alergeno) VALUES 
((SELECT id_producto FROM tbl_productos WHERE codigo_producto = 'PTa-16'), 5); -- Dioxido de azufre y sulfitos

-- PTa-22
INSERT INTO tbl_producto_alergeno (id_producto, id_alergeno) VALUES 
((SELECT id_producto FROM tbl_productos WHERE codigo_producto = 'PTa-22'), 5); -- Dioxido de azufre y sulfitos

-- PTa-23
INSERT INTO tbl_producto_alergeno (id_producto, id_alergeno) VALUES 
((SELECT id_producto FROM tbl_productos WHERE codigo_producto = 'PTa-23'), 5); -- Dioxido de azufre y sulfitos

-- Pna-04
INSERT INTO tbl_producto_alergeno (id_producto, id_alergeno) VALUES 
((SELECT id_producto FROM tbl_productos WHERE codigo_producto = 'Pna-04'), 2), -- Granos de sesamo
((SELECT id_producto FROM tbl_productos WHERE codigo_producto = 'Pna-04'), 3); -- Soja

